-- phpMyAdmin SQL Dump
-- version 4.8.5
-- https://www.phpmyadmin.net/
--
-- Host: 127.0.0.1
-- Generation Time: Jan 20, 2020 at 02:59 PM
-- Server version: 10.1.40-MariaDB
-- PHP Version: 7.3.5

SET SQL_MODE = "NO_AUTO_VALUE_ON_ZERO";
SET AUTOCOMMIT = 0;
START TRANSACTION;
SET time_zone = "+00:00";


/*!40101 SET @OLD_CHARACTER_SET_CLIENT=@@CHARACTER_SET_CLIENT */;
/*!40101 SET @OLD_CHARACTER_SET_RESULTS=@@CHARACTER_SET_RESULTS */;
/*!40101 SET @OLD_COLLATION_CONNECTION=@@COLLATION_CONNECTION */;
/*!40101 SET NAMES utf8mb4 */;

--
-- Database: `spkjahe`
--

-- --------------------------------------------------------

--
-- Table structure for table `admin`
--

CREATE TABLE `admin` (
  `username` varchar(100) NOT NULL,
  `password` varchar(100) NOT NULL,
  `nama_lengkap` varchar(100) NOT NULL
) ENGINE=InnoDB DEFAULT CHARSET=latin1;

--
-- Dumping data for table `admin`
--

INSERT INTO `admin` (`username`, `password`, `nama_lengkap`) VALUES
('aaa1', '74be16979710d4c4e7c6647856088456', 'abcd'),
('Faiz', '01cfcd4f6b8770febfb40cb906715822', 'Safira');

-- --------------------------------------------------------

--
-- Table structure for table `basis_pengetahuan`
--

CREATE TABLE `basis_pengetahuan` (
  `kode_pengetahuan` int(100) NOT NULL,
  `kode_penyakit` int(100) NOT NULL,
  `kode_gejala` int(100) NOT NULL,
  `mb` double(11,1) NOT NULL,
  `md` double(11,1) NOT NULL
) ENGINE=InnoDB DEFAULT CHARSET=latin1;

--
-- Dumping data for table `basis_pengetahuan`
--

INSERT INTO `basis_pengetahuan` (`kode_pengetahuan`, `kode_penyakit`, `kode_gejala`, `mb`, `md`) VALUES
(1, 1, 1, 0.8, 0.2),
(2, 1, 2, 0.8, 0.2),
(3, 1, 3, 0.6, 0.2),
(4, 1, 5, 0.6, 0.2),
(5, 1, 6, 0.8, 0.2),
(6, 1, 7, 0.6, 0.4),
(7, 4, 1, 0.4, 0.2),
(8, 4, 3, 0.4, 0.2),
(9, 4, 9, 0.8, 0.2),
(10, 4, 7, 0.6, 0.2),
(11, 4, 15, 0.6, 0.2),
(12, 4, 16, 0.4, 0.2),
(13, 5, 1, 0.6, 0.2),
(14, 5, 8, 0.8, 0.0),
(15, 5, 3, 0.6, 0.2),
(16, 5, 4, 0.6, 0.2),
(17, 7, 11, 0.4, 0.2),
(18, 7, 17, 0.8, 0.2),
(19, 7, 9, 0.6, 0.2),
(20, 7, 13, 0.4, 0.2),
(21, 7, 12, 0.6, 0.2),
(22, 8, 1, 0.4, 0.2),
(23, 8, 3, 0.6, 0.2),
(24, 8, 4, 0.6, 0.2),
(25, 8, 12, 0.8, 0.0),
(26, 9, 14, 0.8, 0.2),
(27, 9, 10, 0.6, 0.2),
(28, 9, 11, 0.6, 0.2);

-- --------------------------------------------------------

--
-- Table structure for table `gejala`
--

CREATE TABLE `gejala` (
  `kode_gejala` int(100) NOT NULL,
  `nama_gejala` varchar(100) NOT NULL
) ENGINE=InnoDB DEFAULT CHARSET=latin1;

--
-- Dumping data for table `gejala`
--

INSERT INTO `gejala` (`kode_gejala`, `nama_gejala`) VALUES
(1, 'Daun Menguning'),
(2, 'Daun Menggulung'),
(3, 'Daun Layu'),
(4, 'Daun Kering'),
(5, 'Tunas Busuk'),
(6, 'Cairan Putih Pada Batang'),
(7, 'Tanaman Kerdil'),
(8, 'Bercak Pada Daun'),
(9, 'Rimpang Busuk'),
(10, 'Rimpang Kering'),
(11, 'Akar & Batang Kering'),
(12, 'Rimpang Keropos'),
(13, 'Luka di Bagian Akar'),
(14, 'Kulit Rimpang Kusam'),
(15, 'Rimpang Keriput'),
(16, 'Batang Kering'),
(17, 'Benjolan Pada Rimpang');

-- --------------------------------------------------------

--
-- Table structure for table `hasil`
--

CREATE TABLE `hasil` (
  `id_hasil` int(100) NOT NULL,
  `tanggal` varchar(100) NOT NULL,
  `penyakit` varchar(100) NOT NULL,
  `gejala` varchar(100) NOT NULL,
  `hasil_id` int(100) NOT NULL,
  `hasil_nilai` varchar(100) NOT NULL
) ENGINE=InnoDB DEFAULT CHARSET=latin1;

--
-- Dumping data for table `hasil`
--

INSERT INTO `hasil` (`id_hasil`, `tanggal`, `penyakit`, `gejala`, `hasil_id`, `hasil_nilai`) VALUES
(1, '2019-10-21 21:37:03', 'a:1:{i:1;s:6:\"0.7124\";}', 'a:6:{i:1;s:1:\"4\";i:2;s:1:\"4\";i:3;s:1:\"4\";i:5;s:1:\"4\";i:6;s:1:\"4\";i:7;s:1:\"4\";}', 1, '0.7124'),
(2, '2019-10-22 14:29:16', 'a:0:{}', 'a:0:{}', 0, ''),
(3, '2019-10-22 15:02:16', 'a:1:{i:1;s:6:\"0.7980\";}', 'a:4:{i:1;s:1:\"2\";i:2;s:1:\"2\";i:3;s:1:\"2\";i:5;s:1:\"4\";}', 1, '0.7980'),
(4, '2019-10-22 15:05:48', 'a:1:{i:1;s:6:\"0.4224\";}', 'a:2:{i:1;s:1:\"3\";i:2;s:1:\"4\";}', 1, '0.4224'),
(5, '2019-10-22 15:06:12', 'a:0:{}', 'a:1:{i:4;s:1:\"2\";}', 0, ''),
(6, '2019-10-22 15:06:21', 'a:1:{i:1;s:6:\"0.4800\";}', 'a:1:{i:2;s:1:\"2\";}', 1, '0.4800'),
(7, '2019-10-22 15:07:12', 'a:0:{}', 'a:1:{i:4;s:1:\"2\";}', 0, ''),
(8, '2019-11-02 19:55:32', 'a:1:{i:1;s:6:\"0.7809\";}', 'a:6:{i:1;s:1:\"4\";i:2;s:1:\"4\";i:3;s:1:\"3\";i:5;s:1:\"4\";i:6;s:1:\"3\";i:7;s:1:\"4\";}', 1, '0.7809'),
(9, '2019-11-02 20:15:07', 'a:1:{i:1;s:6:\"0.3226\";}', 'a:4:{i:1;s:1:\"4\";i:2;s:1:\"6\";i:3;s:1:\"4\";i:5;s:1:\"4\";}', 1, '0.3226'),
(10, '2019-11-02 20:29:59', 'a:1:{i:1;s:6:\"0.1296\";}', 'a:4:{i:1;s:1:\"6\";i:2;s:1:\"6\";i:3;s:1:\"4\";i:5;s:1:\"4\";}', 1, '0.1296'),
(11, '2019-11-02 21:11:18', 'a:1:{i:1;s:6:\"0.0592\";}', 'a:4:{i:1;s:1:\"6\";i:2;s:1:\"6\";i:3;s:1:\"4\";i:5;s:1:\"4\";}', 1, '0.0592'),
(12, '2019-11-02 21:41:46', 'a:1:{i:1;s:6:\"0.2272\";}', 'a:4:{i:1;s:1:\"6\";i:2;s:1:\"6\";i:3;s:1:\"4\";i:5;s:1:\"4\";}', 1, '0.2272'),
(13, '2019-11-02 21:43:15', 'a:0:{}', 'a:2:{i:1;s:1:\"6\";i:2;s:1:\"6\";}', 0, ''),
(14, '2019-11-02 21:45:00', 'a:0:{}', 'a:2:{i:1;s:1:\"6\";i:2;s:1:\"6\";}', 0, ''),
(15, '2019-11-02 21:47:37', 'a:1:{i:1;s:6:\"0.0400\";}', 'a:2:{i:1;s:1:\"4\";i:2;s:1:\"6\";}', 1, '0.0400'),
(16, '2019-11-02 22:04:39', 'a:0:{}', 'a:1:{i:2;s:1:\"6\";}', 0, ''),
(17, '2019-11-02 22:38:53', 'a:1:{i:1;s:6:\"0.1600\";}', 'a:1:{i:1;s:1:\"4\";}', 1, '0.1600'),
(18, '2019-11-02 22:58:38', 'a:0:{}', 'a:1:{i:1;s:1:\"7\";}', 0, ''),
(19, '2019-11-02 23:34:06', 'a:0:{}', 'a:2:{i:1;s:1:\"6\";i:2;s:1:\"6\";}', 0, ''),
(20, '2019-11-02 23:52:29', 'a:0:{}', 'a:1:{i:1;s:1:\"5\";}', 0, ''),
(21, '2019-11-02 23:52:44', 'a:0:{}', 'a:2:{i:1;s:1:\"6\";i:2;s:1:\"6\";}', 0, ''),
(22, '2019-11-02 23:55:37', 'a:1:{i:1;s:6:\"0.4903\";}', 'a:6:{i:1;s:1:\"4\";i:2;s:1:\"4\";i:3;s:1:\"6\";i:5;s:1:\"6\";i:6;s:1:\"4\";i:7;s:1:\"4\";}', 1, '0.4903'),
(23, '2019-11-03 00:02:46', 'a:1:{i:1;s:6:\"0.4903\";}', 'a:6:{i:1;s:1:\"4\";i:2;s:1:\"4\";i:3;s:1:\"6\";i:5;s:1:\"6\";i:6;s:1:\"4\";i:7;s:1:\"4\";}', 1, '0.4903'),
(24, '2019-11-03 00:03:42', 'a:1:{i:1;s:6:\"0.5924\";}', 'a:6:{i:1;s:1:\"4\";i:2;s:1:\"4\";i:3;s:1:\"6\";i:5;s:1:\"6\";i:6;s:1:\"4\";i:7;s:1:\"4\";}', 1, '0.5924'),
(25, '2019-11-03 00:07:55', 'a:1:{i:1;s:6:\"0.4903\";}', 'a:6:{i:1;s:1:\"4\";i:2;s:1:\"4\";i:3;s:1:\"6\";i:5;s:1:\"6\";i:6;s:1:\"4\";i:7;s:1:\"4\";}', 1, '0.4903'),
(26, '2019-11-03 00:15:53', 'a:1:{i:1;s:6:\"0.4903\";}', 'a:6:{i:1;s:1:\"4\";i:2;s:1:\"4\";i:3;s:1:\"6\";i:5;s:1:\"6\";i:6;s:1:\"4\";i:7;s:1:\"4\";}', 1, '0.4903'),
(27, '2019-11-03 00:16:37', 'a:1:{i:1;s:6:\"0.4903\";}', 'a:6:{i:1;s:1:\"4\";i:2;s:1:\"4\";i:3;s:1:\"6\";i:5;s:1:\"6\";i:6;s:1:\"4\";i:7;s:1:\"4\";}', 1, '0.4903'),
(28, '2019-11-03 00:17:10', 'a:1:{i:1;s:6:\"0.4903\";}', 'a:6:{i:1;s:1:\"4\";i:2;s:1:\"4\";i:3;s:1:\"6\";i:5;s:1:\"6\";i:6;s:1:\"4\";i:7;s:1:\"4\";}', 1, '0.4903'),
(29, '2019-11-03 00:21:32', 'a:1:{i:1;s:6:\"0.4903\";}', 'a:6:{i:1;s:1:\"4\";i:2;s:1:\"4\";i:3;s:1:\"6\";i:5;s:1:\"6\";i:6;s:1:\"4\";i:7;s:1:\"4\";}', 1, '0.4903'),
(30, '2019-11-03 00:22:33', 'a:1:{i:1;s:6:\"0.4903\";}', 'a:6:{i:1;s:1:\"4\";i:2;s:1:\"4\";i:3;s:1:\"6\";i:5;s:1:\"6\";i:6;s:1:\"4\";i:7;s:1:\"4\";}', 1, '0.4903'),
(31, '2019-11-03 00:25:48', 'a:1:{i:1;s:6:\"0.3609\";}', 'a:6:{i:1;s:1:\"4\";i:2;s:1:\"4\";i:3;s:1:\"6\";i:5;s:1:\"6\";i:6;s:1:\"4\";i:7;s:1:\"4\";}', 1, '0.3609'),
(32, '2019-11-03 00:26:35', 'a:1:{i:1;s:6:\"0.1601\";}', 'a:4:{i:1;s:1:\"6\";i:2;s:1:\"6\";i:3;s:1:\"4\";i:5;s:1:\"4\";}', 1, '0.1601'),
(33, '2019-11-03 00:31:52', 'a:1:{i:1;s:6:\"0.0096\";}', 'a:4:{i:1;s:1:\"6\";i:2;s:1:\"6\";i:3;s:1:\"4\";i:5;s:1:\"4\";}', 1, '0.0096'),
(34, '2019-11-03 00:35:16', 'a:0:{}', 'a:4:{i:1;s:1:\"6\";i:2;s:1:\"6\";i:3;s:1:\"4\";i:5;s:1:\"4\";}', 0, ''),
(35, '2019-11-03 00:39:48', 'a:1:{i:1;s:6:\"0.1296\";}', 'a:4:{i:1;s:1:\"6\";i:2;s:1:\"6\";i:3;s:1:\"4\";i:5;s:1:\"4\";}', 1, '0.1296'),
(36, '2019-11-03 00:42:02', 'a:0:{}', 'a:4:{i:1;s:1:\"6\";i:2;s:1:\"6\";i:4;s:1:\"4\";i:5;s:1:\"4\";}', 0, ''),
(37, '2019-11-03 00:42:59', 'a:0:{}', 'a:4:{i:1;s:1:\"6\";i:2;s:1:\"6\";i:4;s:1:\"4\";i:5;s:1:\"4\";}', 0, ''),
(38, '2019-11-03 00:43:14', 'a:1:{i:1;s:6:\"0.1296\";}', 'a:4:{i:1;s:1:\"6\";i:2;s:1:\"6\";i:3;s:1:\"4\";i:5;s:1:\"4\";}', 1, '0.1296'),
(39, '2019-11-03 00:44:33', 'a:1:{i:1;s:6:\"0.2944\";}', 'a:4:{i:1;s:1:\"6\";i:2;s:1:\"6\";i:3;s:1:\"4\";i:5;s:1:\"4\";}', 1, '0.2944'),
(40, '2019-11-03 00:47:01', 'a:1:{i:1;s:6:\"0.1200\";}', 'a:4:{i:1;s:1:\"6\";i:2;s:1:\"6\";i:3;s:1:\"4\";i:5;s:1:\"4\";}', 1, '0.1200'),
(41, '2019-11-03 00:51:08', 'a:0:{}', 'a:4:{i:1;s:1:\"6\";i:2;s:1:\"6\";i:3;s:1:\"4\";i:5;s:1:\"4\";}', 0, ''),
(42, '2019-11-03 00:53:02', 'a:1:{i:1;s:6:\"0.1525\";}', 'a:4:{i:1;s:1:\"4\";i:2;s:1:\"4\";i:3;s:1:\"6\";i:5;s:1:\"6\";}', 1, '0.1525'),
(43, '2019-11-03 00:53:17', 'a:1:{i:1;s:6:\"0.4589\";}', 'a:6:{i:1;s:1:\"4\";i:2;s:1:\"4\";i:3;s:1:\"6\";i:5;s:1:\"6\";i:6;s:1:\"4\";i:7;s:1:\"4\";}', 1, '0.4589'),
(44, '2019-11-03 00:54:03', 'a:1:{i:1;s:6:\"0.2944\";}', 'a:4:{i:1;s:1:\"6\";i:2;s:1:\"6\";i:3;s:1:\"4\";i:5;s:1:\"4\";}', 1, '0.2944'),
(45, '2019-11-03 00:55:55', 'a:1:{i:1;s:6:\"0.0984\";}', 'a:4:{i:1;s:1:\"6\";i:2;s:1:\"6\";i:3;s:1:\"4\";i:5;s:1:\"4\";}', 1, '0.0984'),
(46, '2019-11-03 00:57:40', 'a:1:{i:1;s:6:\"0.7809\";}', 'a:6:{i:1;s:1:\"4\";i:2;s:1:\"4\";i:3;s:1:\"3\";i:5;s:1:\"4\";i:6;s:1:\"3\";i:7;s:1:\"4\";}', 1, '0.7809'),
(47, '2019-11-03 00:59:12', 'a:1:{i:1;s:6:\"0.4589\";}', 'a:6:{i:1;s:1:\"4\";i:2;s:1:\"4\";i:3;s:1:\"6\";i:5;s:1:\"6\";i:6;s:1:\"4\";i:7;s:1:\"4\";}', 1, '0.4589'),
(48, '2019-11-03 01:00:11', 'a:1:{i:1;s:6:\"0.5924\";}', 'a:6:{i:1;s:1:\"4\";i:2;s:1:\"4\";i:3;s:1:\"6\";i:5;s:1:\"6\";i:6;s:1:\"4\";i:7;s:1:\"4\";}', 1, '0.5924'),
(49, '2019-11-03 01:01:01', 'a:1:{i:1;s:6:\"0.4589\";}', 'a:6:{i:1;s:1:\"4\";i:2;s:1:\"4\";i:3;s:1:\"6\";i:5;s:1:\"6\";i:6;s:1:\"4\";i:7;s:1:\"4\";}', 1, '0.4589'),
(50, '2019-11-03 01:02:51', 'a:1:{i:1;s:6:\"0.3882\";}', 'a:6:{i:1;s:1:\"4\";i:2;s:1:\"4\";i:3;s:1:\"6\";i:5;s:1:\"6\";i:6;s:1:\"4\";i:7;s:1:\"4\";}', 1, '0.3882'),
(51, '2019-11-03 01:14:51', 'a:1:{i:1;s:6:\"0.0984\";}', 'a:4:{i:1;s:1:\"6\";i:2;s:1:\"6\";i:3;s:1:\"4\";i:5;s:1:\"4\";}', 1, '0.0984'),
(52, '2019-11-03 01:17:16', 'a:0:{}', 'a:4:{i:1;s:1:\"6\";i:2;s:1:\"6\";i:3;s:1:\"4\";i:5;s:1:\"4\";}', 0, ''),
(53, '2019-11-03 01:21:40', 'a:1:{i:1;s:6:\"0.0984\";}', 'a:4:{i:1;s:1:\"6\";i:2;s:1:\"6\";i:3;s:1:\"4\";i:5;s:1:\"4\";}', 1, '0.0984'),
(54, '2019-11-03 01:35:05', 'a:0:{}', 'a:2:{i:1;s:1:\"8\";i:2;s:1:\"8\";}', 0, ''),
(55, '2019-11-03 01:35:13', 'a:1:{i:1;s:6:\"0.7600\";}', 'a:2:{i:1;s:1:\"1\";i:2;s:1:\"1\";}', 1, '0.7600'),
(56, '2019-11-03 01:35:58', 'a:0:{}', 'a:2:{i:1;s:1:\"8\";i:2;s:1:\"7\";}', 0, ''),
(57, '2019-11-03 01:36:15', 'a:0:{}', 'a:4:{i:1;s:1:\"6\";i:2;s:1:\"6\";i:3;s:1:\"8\";i:4;s:1:\"8\";}', 0, ''),
(58, '2019-11-03 01:37:11', 'a:0:{}', 'a:3:{i:1;s:1:\"6\";i:2;s:1:\"6\";i:3;s:1:\"8\";}', 0, ''),
(59, '2019-11-03 01:37:28', 'a:0:{}', 'a:2:{i:1;s:1:\"1\";i:2;s:1:\"8\";}', 0, ''),
(60, '2019-11-03 01:37:57', 'a:0:{}', 'a:2:{i:1;s:1:\"1\";i:2;s:1:\"7\";}', 0, ''),
(61, '2019-11-03 01:38:31', 'a:0:{}', 'a:2:{i:1;s:1:\"2\";i:2;s:1:\"7\";}', 0, ''),
(62, '2019-11-03 01:38:45', 'a:1:{i:1;s:6:\"0.0800\";}', 'a:2:{i:1;s:1:\"2\";i:2;s:1:\"7\";}', 1, '0.0800'),
(63, '2019-11-03 01:38:53', 'a:1:{i:1;s:6:\"0.7600\";}', 'a:2:{i:1;s:1:\"1\";i:2;s:1:\"1\";}', 1, '0.7600'),
(64, '2019-11-03 01:39:00', 'a:0:{}', 'a:2:{i:1;s:1:\"8\";i:2;s:1:\"8\";}', 0, ''),
(65, '2019-11-03 01:39:08', 'a:0:{}', 'a:2:{i:1;s:1:\"6\";i:2;s:1:\"6\";}', 0, ''),
(66, '2019-11-03 01:39:45', 'a:0:{}', 'a:2:{i:1;s:1:\"7\";i:2;s:1:\"7\";}', 0, ''),
(67, '2019-11-03 01:40:23', 'a:6:{i:1;s:6:\"0.0000\";i:4;s:6:\"0.0000\";i:5;s:6:\"0.0000\";i:7;s:6:\"0.0000\";i:8;s:6:\"0.0000\";i:9;s:6:\"0', 'a:2:{i:1;s:1:\"7\";i:2;s:1:\"7\";}', 1, '0.0000'),
(68, '2019-11-03 01:41:37', 'a:6:{i:1;s:6:\"0.0000\";i:4;s:6:\"0.0000\";i:5;s:6:\"0.0000\";i:7;s:6:\"0.0000\";i:8;s:6:\"0.0000\";i:9;s:6:\"0', 'a:3:{i:1;s:1:\"8\";i:2;s:1:\"8\";i:3;s:1:\"8\";}', 1, '0.0000'),
(69, '2019-11-03 01:42:12', 'a:6:{i:1;s:6:\"0.2944\";i:4;s:6:\"0.0000\";i:5;s:6:\"0.0000\";i:7;s:6:\"0.0000\";i:8;s:6:\"0.0000\";i:9;s:6:\"0', 'a:4:{i:1;s:1:\"6\";i:2;s:1:\"6\";i:3;s:1:\"4\";i:5;s:1:\"4\";}', 1, '0.2944'),
(70, '2019-11-03 01:42:56', 'a:6:{i:1;s:6:\"0.2944\";i:4;s:6:\"0.0000\";i:5;s:6:\"0.0000\";i:7;s:6:\"0.0000\";i:8;s:6:\"0.0000\";i:9;s:6:\"0', 'a:4:{i:1;s:1:\"6\";i:2;s:1:\"6\";i:3;s:1:\"4\";i:5;s:1:\"4\";}', 1, '0.2944'),
(71, '2019-11-03 01:49:39', 'a:0:{}', 'a:2:{i:1;s:1:\"6\";i:2;s:1:\"7\";}', 0, ''),
(72, '2019-11-03 01:51:10', 'a:1:{i:1;s:6:\"0.5924\";}', 'a:6:{i:1;s:1:\"4\";i:2;s:1:\"4\";i:3;s:1:\"6\";i:5;s:1:\"6\";i:6;s:1:\"4\";i:7;s:1:\"4\";}', 1, '0.5924'),
(73, '2019-11-03 01:52:30', 'a:1:{i:1;s:6:\"0.4589\";}', 'a:6:{i:1;s:1:\"4\";i:2;s:1:\"4\";i:3;s:1:\"6\";i:5;s:1:\"6\";i:6;s:1:\"4\";i:7;s:1:\"4\";}', 1, '0.4589'),
(74, '2019-11-03 01:52:55', 'a:0:{}', 'a:2:{i:1;s:1:\"5\";i:2;s:1:\"6\";}', 0, ''),
(75, '2019-11-03 01:53:24', 'a:0:{}', 'a:2:{i:1;s:1:\"6\";i:2;s:1:\"8\";}', 0, ''),
(76, '2019-11-03 01:55:09', 'a:6:{i:1;s:6:\"0.0000\";i:4;s:6:\"0.0000\";i:5;s:6:\"0.0000\";i:7;s:6:\"0.0000\";i:8;s:6:\"0.0000\";i:9;s:6:\"0', 'a:2:{i:1;s:1:\"6\";i:2;s:1:\"7\";}', 1, '0.0000'),
(77, '2019-11-03 01:57:33', 'a:6:{i:1;s:6:\"0.0000\";i:4;s:6:\"0.0000\";i:5;s:6:\"0.0000\";i:7;s:6:\"0.0000\";i:8;s:6:\"0.0000\";i:9;s:6:\"0', 'a:2:{i:1;s:1:\"6\";i:2;s:1:\"7\";}', 1, '0.0000'),
(78, '2019-11-03 01:59:25', 'a:0:{}', 'a:2:{i:1;s:1:\"6\";i:2;s:1:\"7\";}', 0, ''),
(79, '2019-11-03 11:49:32', 'a:6:{i:1;s:6:\"0.4000\";i:4;s:6:\"0.0000\";i:5;s:6:\"0.0000\";i:7;s:6:\"0.0000\";i:8;s:6:\"0.0000\";i:9;s:6:\"0', 'a:1:{i:1;s:1:\"1\";}', 1, '0.4000'),
(80, '2019-11-03 11:53:24', 'a:6:{i:1;s:6:\"0.0000\";i:4;s:6:\"0.0000\";i:5;s:6:\"0.0000\";i:7;s:6:\"0.0000\";i:8;s:6:\"0.0000\";i:9;s:6:\"0', 'a:3:{i:1;s:1:\"5\";i:2;s:1:\"6\";i:3;s:1:\"7\";}', 1, '0.0000'),
(81, '2019-11-03 11:53:34', 'a:6:{i:1;s:6:\"0.0000\";i:4;s:6:\"0.0000\";i:5;s:6:\"0.0000\";i:7;s:6:\"0.0000\";i:8;s:6:\"0.0000\";i:9;s:6:\"0', 'a:2:{i:1;s:1:\"5\";i:2;s:1:\"5\";}', 1, '0.0000'),
(82, '2019-11-03 11:57:01', 'a:6:{i:1;s:6:\"0.4000\";i:4;s:6:\"0.0000\";i:5;s:6:\"0.0000\";i:7;s:6:\"0.0000\";i:8;s:6:\"0.0000\";i:9;s:6:\"0', 'a:1:{i:1;s:1:\"1\";}', 1, '0.4000'),
(83, '2019-11-03 11:57:08', 'a:6:{i:1;s:6:\"0.0000\";i:4;s:6:\"0.0000\";i:5;s:6:\"0.0000\";i:7;s:6:\"0.0000\";i:8;s:6:\"0.0000\";i:9;s:6:\"0', 'a:1:{i:1;s:1:\"5\";}', 1, '0.0000'),
(84, '2019-11-03 11:57:26', 'a:6:{i:1;s:6:\"0.0000\";i:4;s:6:\"0.0000\";i:5;s:6:\"0.0000\";i:7;s:6:\"0.0000\";i:8;s:6:\"0.0000\";i:9;s:6:\"0', 'a:1:{i:2;s:1:\"6\";}', 1, '0.0000'),
(85, '2019-11-03 11:57:33', 'a:6:{i:1;s:6:\"0.0000\";i:4;s:6:\"0.0000\";i:5;s:6:\"0.0000\";i:7;s:6:\"0.0000\";i:8;s:6:\"0.0000\";i:9;s:6:\"0', 'a:1:{i:2;s:1:\"7\";}', 1, '0.0000'),
(86, '2019-11-03 11:59:26', 'a:6:{i:1;s:6:\"0.0000\";i:4;s:6:\"0.0000\";i:5;s:6:\"0.0000\";i:7;s:6:\"0.0000\";i:8;s:6:\"0.0000\";i:9;s:6:\"0', 'a:4:{i:1;s:1:\"6\";i:2;s:1:\"6\";i:3;s:1:\"4\";i:5;s:1:\"4\";}', 1, '0.0000'),
(87, '2019-11-03 12:57:53', 'a:6:{i:1;s:6:\"0.1285\";i:4;s:6:\"0.0000\";i:5;s:6:\"0.0000\";i:7;s:6:\"0.0000\";i:8;s:6:\"0.0000\";i:9;s:6:\"0', 'a:4:{i:1;s:1:\"6\";i:2;s:1:\"6\";i:3;s:1:\"4\";i:5;s:1:\"4\";}', 1, '0.1285'),
(88, '2019-11-03 13:08:02', 'a:6:{i:4;s:6:\"0.0000\";i:5;s:6:\"0.0000\";i:7;s:6:\"0.0000\";i:8;s:6:\"0.0000\";i:9;s:6:\"0.0000\";i:1;s:7:\"-', 'a:1:{i:1;s:1:\"6\";}', 4, '0.0000'),
(89, '2019-11-03 13:10:33', 'a:6:{i:4;s:6:\"0.0000\";i:5;s:6:\"0.0000\";i:7;s:6:\"0.0000\";i:8;s:6:\"0.0000\";i:9;s:6:\"0.0000\";i:1;s:7:\"-', 'a:2:{i:1;s:1:\"6\";i:2;s:1:\"6\";}', 4, '0.0000'),
(90, '2019-11-03 13:12:05', 'a:6:{i:4;s:6:\"0.0000\";i:5;s:6:\"0.0000\";i:7;s:6:\"0.0000\";i:8;s:6:\"0.0000\";i:9;s:6:\"0.0000\";i:1;s:7:\"-', 'a:2:{i:1;s:1:\"6\";i:2;s:1:\"6\";}', 4, '0'),
(91, '2019-11-03 13:14:16', 'a:6:{i:4;s:6:\"0.0000\";i:5;s:6:\"0.0000\";i:7;s:6:\"0.0000\";i:8;s:6:\"0.0000\";i:9;s:6:\"0.0000\";i:1;s:7:\"-', 'a:2:{i:1;s:1:\"6\";i:2;s:1:\"6\";}', 4, 'Array'),
(92, '2019-11-03 13:14:28', 'a:6:{i:1;s:6:\"0.2944\";i:4;s:6:\"0.0000\";i:5;s:6:\"0.0000\";i:7;s:6:\"0.0000\";i:8;s:6:\"0.0000\";i:9;s:6:\"0', 'a:2:{i:1;s:1:\"4\";i:3;s:1:\"4\";}', 1, 'Array'),
(93, '2019-11-03 13:16:00', 'a:6:{i:1;s:7:\"-0.1904\";i:4;s:6:\"0.0000\";i:5;s:6:\"0.0000\";i:7;s:6:\"0.0000\";i:8;s:6:\"0.0000\";i:9;s:6:\"', 'a:2:{i:1;s:1:\"6\";i:2;s:1:\"6\";}', 1, 'Array'),
(94, '2019-11-03 13:16:18', 'a:6:{i:1;s:6:\"0.1600\";i:4;s:6:\"0.0000\";i:5;s:6:\"0.0000\";i:7;s:6:\"0.0000\";i:8;s:6:\"0.0000\";i:9;s:6:\"0', 'a:1:{i:1;s:1:\"4\";}', 1, 'Array'),
(95, '2019-11-03 13:16:56', 'a:6:{i:1;s:7:\"-0.0800\";i:4;s:6:\"0.0000\";i:5;s:6:\"0.0000\";i:7;s:6:\"0.0000\";i:8;s:6:\"0.0000\";i:9;s:6:\"', 'a:1:{i:1;s:1:\"6\";}', 1, 'Array'),
(96, '2019-11-03 13:17:07', 'a:6:{i:1;s:6:\"0.4348\";i:4;s:6:\"0.0000\";i:5;s:6:\"0.0000\";i:7;s:6:\"0.0000\";i:8;s:6:\"0.0000\";i:9;s:6:\"0', 'a:2:{i:1;s:1:\"6\";i:2;s:1:\"2\";}', 1, 'Array'),
(97, '2019-11-03 13:18:03', 'a:6:{i:1;s:7:\"-0.1904\";i:4;s:6:\"0.0000\";i:5;s:6:\"0.0000\";i:7;s:6:\"0.0000\";i:8;s:6:\"0.0000\";i:9;s:6:\"', 'a:2:{i:1;s:1:\"6\";i:2;s:1:\"6\";}', 1, '-0.1904'),
(98, '2019-11-03 13:20:04', 'a:6:{i:1;s:7:\"-0.1904\";i:4;s:6:\"0.0000\";i:5;s:6:\"0.0000\";i:7;s:6:\"0.0000\";i:8;s:6:\"0.0000\";i:9;s:6:\"', 'a:2:{i:1;s:1:\"6\";i:2;s:1:\"6\";}', 1, '-0.1904'),
(99, '2019-11-03 13:20:21', 'a:6:{i:1;s:7:\"-0.0800\";i:4;s:6:\"0.0000\";i:5;s:6:\"0.0000\";i:7;s:6:\"0.0000\";i:8;s:6:\"0.0000\";i:9;s:6:\"', 'a:1:{i:1;s:1:\"6\";}', 1, '-0.0800'),
(100, '2019-11-03 13:20:43', 'a:6:{i:1;s:6:\"0.6110\";i:4;s:6:\"0.0000\";i:5;s:6:\"0.0000\";i:7;s:6:\"0.0000\";i:8;s:6:\"0.0000\";i:9;s:6:\"0', 'a:4:{i:1;s:1:\"2\";i:2;s:1:\"1\";i:3;s:1:\"8\";i:5;s:1:\"6\";}', 1, '0.6110'),
(101, '2019-11-03 13:25:26', 'a:6:{i:1;s:7:\"-0.0800\";i:4;s:6:\"0.0000\";i:5;s:6:\"0.0000\";i:7;s:6:\"0.0000\";i:8;s:6:\"0.0000\";i:9;s:6:\"', 'a:1:{i:1;s:1:\"6\";}', 1, '-0.0800'),
(102, '2019-11-03 13:30:19', 'a:6:{i:1;s:6:\"0.7164\";i:4;s:6:\"0.0000\";i:5;s:6:\"0.0000\";i:7;s:6:\"0.0000\";i:8;s:6:\"0.0000\";i:9;s:6:\"0', 'a:4:{i:1;s:1:\"1\";i:2;s:1:\"1\";i:3;s:1:\"6\";i:5;s:1:\"6\";}', 1, '0.7164'),
(103, '2019-11-03 13:30:49', 'a:6:{i:1;s:6:\"0.4000\";i:4;s:6:\"0.0000\";i:5;s:6:\"0.0000\";i:7;s:6:\"0.0000\";i:8;s:6:\"0.0000\";i:9;s:6:\"0', 'a:1:{i:1;s:1:\"1\";}', 1, '0.4000'),
(104, '2019-11-03 13:44:36', 'a:6:{i:1;s:6:\"0.2400\";i:4;s:6:\"0.0000\";i:5;s:6:\"0.0000\";i:7;s:6:\"0.0000\";i:8;s:6:\"0.0000\";i:9;s:6:\"0', 'a:1:{i:1;s:1:\"3\";}', 1, '0.2400'),
(105, '2019-11-03 14:27:06', 'a:6:{i:1;s:6:\"0.3616\";i:4;s:6:\"0.0000\";i:5;s:6:\"0.0000\";i:7;s:6:\"0.0000\";i:8;s:6:\"0.0000\";i:9;s:6:\"0', 'a:3:{i:1;s:1:\"4\";i:2;s:1:\"4\";i:4;s:1:\"6\";}', 1, '0.3616'),
(106, '2019-11-03 14:28:03', 'a:6:{i:1;s:6:\"0.2457\";i:4;s:6:\"0.0000\";i:5;s:6:\"0.0000\";i:7;s:6:\"0.0000\";i:8;s:6:\"0.0000\";i:9;s:6:\"0', 'a:4:{i:1;s:1:\"4\";i:2;s:1:\"4\";i:3;s:1:\"6\";i:5;s:1:\"6\";}', 1, '0.2457'),
(107, '2019-11-03 14:28:41', 'a:6:{i:1;s:6:\"0.4274\";i:4;s:6:\"0.0000\";i:5;s:6:\"0.0000\";i:7;s:6:\"0.0000\";i:8;s:6:\"0.0000\";i:9;s:6:\"0', 'a:3:{i:1;s:1:\"2\";i:2;s:1:\"3\";i:3;s:1:\"8\";}', 1, '0.4274'),
(108, '2019-11-03 14:30:20', 'a:6:{i:1;s:6:\"0.7391\";i:4;s:6:\"0.0000\";i:5;s:6:\"0.0000\";i:7;s:6:\"0.0000\";i:8;s:6:\"0.0000\";i:9;s:6:\"0', 'a:3:{i:1;s:1:\"1\";i:2;s:1:\"1\";i:3;s:1:\"6\";}', 1, '0.7391'),
(109, '2019-11-03 14:30:43', 'a:6:{i:1;s:6:\"0.3200\";i:4;s:6:\"0.0000\";i:5;s:6:\"0.0000\";i:7;s:6:\"0.0000\";i:8;s:6:\"0.0000\";i:9;s:6:\"0', 'a:1:{i:1;s:1:\"2\";}', 1, '0.3200'),
(110, '2019-11-03 14:31:12', 'a:6:{i:1;s:6:\"0.4000\";i:4;s:6:\"0.0000\";i:5;s:6:\"0.0000\";i:7;s:6:\"0.0000\";i:8;s:6:\"0.0000\";i:9;s:6:\"0', 'a:1:{i:1;s:1:\"1\";}', 1, '0.4000'),
(111, '2019-11-03 14:31:41', 'a:6:{i:1;s:6:\"0.7600\";i:4;s:6:\"0.0000\";i:5;s:6:\"0.0000\";i:7;s:6:\"0.0000\";i:8;s:6:\"0.0000\";i:9;s:6:\"0', 'a:2:{i:1;s:1:\"1\";i:2;s:1:\"1\";}', 1, '0.7600'),
(112, '2019-11-03 14:32:05', 'a:6:{i:1;s:7:\"-0.2608\";i:4;s:6:\"0.0000\";i:5;s:6:\"0.0000\";i:7;s:6:\"0.0000\";i:8;s:6:\"0.0000\";i:9;s:6:\"', 'a:2:{i:1;s:1:\"7\";i:2;s:1:\"6\";}', 1, '-0.2608'),
(113, '2019-11-03 14:52:50', 'a:6:{i:1;s:6:\"0.3158\";i:4;s:6:\"0.0000\";i:5;s:6:\"0.0000\";i:7;s:6:\"0.0000\";i:8;s:6:\"0.0000\";i:9;s:6:\"0', 'a:2:{i:1;s:1:\"8\";i:2;s:1:\"2\";}', 1, '0.3158'),
(114, '2019-11-04 05:38:47', 'a:6:{i:1;s:6:\"0.5495\";i:4;s:6:\"0.0000\";i:5;s:6:\"0.0000\";i:7;s:6:\"0.0000\";i:8;s:6:\"0.0000\";i:9;s:6:\"0', 'a:4:{i:1;s:1:\"4\";i:2;s:1:\"4\";i:3;s:1:\"4\";i:5;s:1:\"4\";}', 1, '0.5495'),
(115, '2019-11-10 23:44:39', 'a:6:{i:1;s:6:\"0.2272\";i:4;s:6:\"0.2272\";i:5;s:6:\"0.0000\";i:7;s:6:\"0.0000\";i:8;s:6:\"0.0000\";i:9;s:6:\"0', 'a:2:{i:1;s:1:\"4\";i:7;s:1:\"4\";}', 1, '0.2272'),
(116, '2019-11-10 23:45:37', 'a:6:{i:1;s:6:\"0.9724\";i:4;s:6:\"0.6160\";i:5;s:6:\"0.0000\";i:7;s:6:\"0.0000\";i:8;s:6:\"0.0000\";i:9;s:6:\"0', 'a:6:{i:1;s:1:\"1\";i:2;s:1:\"1\";i:3;s:1:\"1\";i:5;s:1:\"1\";i:6;s:1:\"1\";i:7;s:1:\"1\";}', 1, '0.9724'),
(117, '2019-11-10 23:46:06', 'a:6:{i:1;s:6:\"0.9693\";i:4;s:6:\"0.5200\";i:5;s:6:\"0.0000\";i:7;s:6:\"0.0000\";i:8;s:6:\"0.0000\";i:9;s:6:\"0', 'a:6:{i:1;s:1:\"1\";i:2;s:1:\"1\";i:4;s:1:\"1\";i:5;s:1:\"1\";i:6;s:1:\"1\";i:7;s:1:\"1\";}', 1, '0.9693'),
(118, '2019-11-10 23:48:02', 'a:6:{i:1;s:6:\"0.9693\";i:4;s:6:\"0.5200\";i:5;s:6:\"0.0000\";i:7;s:6:\"0.0000\";i:8;s:6:\"0.0000\";i:9;s:6:\"0', 'a:6:{i:1;s:1:\"1\";i:2;s:1:\"1\";i:4;s:1:\"1\";i:5;s:1:\"1\";i:6;s:1:\"1\";i:7;s:1:\"1\";}', 1, '0.9693'),
(119, '2019-11-11 00:10:00', 'a:6:{i:1;s:6:\"0.6000\";i:4;s:6:\"0.2000\";i:5;s:6:\"0.0000\";i:7;s:6:\"0.0000\";i:8;s:6:\"0.0000\";i:9;s:6:\"0', 'a:1:{i:1;s:1:\"1\";}', 1, '0.6000'),
(120, '2019-11-11 00:11:58', 'a:6:{i:1;s:6:\"0.4800\";i:4;s:6:\"0.1600\";i:5;s:6:\"0.0000\";i:7;s:6:\"0.0000\";i:8;s:6:\"0.0000\";i:9;s:6:\"0', 'a:1:{i:1;s:1:\"2\";}', 1, '0.4800'),
(121, '2019-11-11 00:12:12', 'a:2:{i:1;s:6:\"0.4800\";i:4;s:6:\"0.1600\";}', 'a:1:{i:1;s:1:\"2\";}', 1, '0.4800'),
(122, '2019-11-11 00:12:16', 'a:2:{i:1;s:6:\"0.4800\";i:4;s:6:\"0.1600\";}', 'a:1:{i:1;s:1:\"2\";}', 1, '0.4800'),
(123, '2019-11-11 00:13:20', 'a:2:{i:1;s:6:\"0.7600\";i:4;s:6:\"0.3600\";}', 'a:2:{i:1;s:1:\"1\";i:3;s:1:\"1\";}', 1, '0.7600'),
(124, '2019-11-11 00:13:55', 'a:2:{i:1;s:6:\"0.6000\";i:4;s:6:\"0.2000\";}', 'a:1:{i:1;s:1:\"1\";}', 1, '0.6000'),
(125, '2019-11-11 00:14:12', 'a:6:{i:1;s:6:\"0.6000\";i:4;s:6:\"0.2000\";i:5;s:6:\"0.0000\";i:7;s:6:\"0.0000\";i:8;s:6:\"0.0000\";i:9;s:6:\"0', 'a:1:{i:1;s:1:\"1\";}', 1, '0.6000'),
(126, '2019-11-11 00:15:33', 'a:6:{i:1;s:6:\"0.6000\";i:4;s:6:\"0.2000\";i:5;s:6:\"0.0000\";i:7;s:6:\"0.0000\";i:8;s:6:\"0.0000\";i:9;s:6:\"0', 'a:1:{i:1;s:1:\"1\";}', 1, '0.6000'),
(127, '2019-11-11 00:16:07', 'a:2:{i:1;s:6:\"0.6000\";i:4;s:6:\"0.2000\";}', 'a:1:{i:1;s:1:\"1\";}', 1, '0.6000'),
(128, '2019-11-11 00:19:47', 'a:6:{i:1;s:6:\"0.7280\";i:4;s:6:\"0.3280\";i:5;s:6:\"0.0000\";i:7;s:6:\"0.0000\";i:8;s:6:\"0.0000\";i:9;s:6:\"0', 'a:2:{i:1;s:1:\"1\";i:3;s:1:\"2\";}', 1, '0.7280'),
(129, '2019-11-11 00:20:40', 'a:6:{i:1;s:6:\"0.6640\";i:4;s:6:\"0.2640\";i:5;s:6:\"0.0000\";i:7;s:6:\"0.0000\";i:8;s:6:\"0.0000\";i:9;s:6:\"0', 'a:2:{i:1;s:1:\"1\";i:3;s:1:\"4\";}', 1, '0.6640'),
(130, '2019-11-11 00:22:40', 'a:2:{i:1;s:6:\"0.6000\";i:4;s:6:\"0.2000\";}', 'a:1:{i:1;s:1:\"1\";}', 1, '0.6000'),
(131, '2019-11-11 00:23:11', 'a:2:{i:1;s:6:\"0.6464\";i:4;s:6:\"0.2944\";}', 'a:2:{i:1;s:1:\"2\";i:3;s:1:\"2\";}', 1, '0.6464'),
(132, '2019-11-11 00:24:12', 'a:6:{i:1;s:6:\"0.6960\";i:4;s:6:\"0.2960\";i:5;s:6:\"0.0000\";i:7;s:6:\"0.0000\";i:8;s:6:\"0.0000\";i:9;s:6:\"0', 'a:2:{i:1;s:1:\"1\";i:3;s:1:\"3\";}', 1, '0.6960'),
(133, '2019-11-11 00:25:31', 'a:6:{i:1;s:6:\"0.7600\";i:4;s:6:\"0.3600\";i:5;s:6:\"0.0000\";i:7;s:6:\"0.0000\";i:8;s:6:\"0.0000\";i:9;s:6:\"0', 'a:2:{i:1;s:1:\"1\";i:3;s:1:\"1\";}', 1, '0.7600'),
(134, '2019-11-11 00:26:15', 'a:2:{i:1;s:6:\"0.6000\";i:4;s:6:\"0.2000\";}', 'a:1:{i:1;s:1:\"1\";}', 1, '0.6000'),
(135, '2019-11-11 00:26:22', 'a:2:{i:1;s:6:\"0.6960\";i:4;s:6:\"0.2960\";}', 'a:2:{i:1;s:1:\"1\";i:3;s:1:\"3\";}', 1, '0.6960'),
(136, '2019-11-11 00:27:31', 'a:2:{i:1;s:6:\"0.7600\";i:4;s:6:\"0.3600\";}', 'a:2:{i:1;s:1:\"1\";i:3;s:1:\"1\";}', 1, '0.7600'),
(137, '2019-11-11 00:28:03', 'a:2:{i:1;s:6:\"0.7280\";i:4;s:6:\"0.3280\";}', 'a:2:{i:1;s:1:\"1\";i:3;s:1:\"2\";}', 1, '0.7280'),
(138, '2019-11-11 00:29:07', 'a:6:{i:1;s:6:\"0.8400\";i:4;s:6:\"0.2000\";i:5;s:6:\"0.0000\";i:7;s:6:\"0.0000\";i:8;s:6:\"0.0000\";i:9;s:6:\"0', 'a:2:{i:1;s:1:\"1\";i:2;s:1:\"1\";}', 1, '0.8400'),
(139, '2019-11-11 00:30:24', 'a:2:{i:1;s:6:\"0.8400\";i:4;s:6:\"0.2000\";}', 'a:2:{i:1;s:1:\"1\";i:2;s:1:\"1\";}', 1, '0.8400'),
(140, '2019-11-11 00:31:32', 'a:2:{i:1;s:6:\"0.7600\";i:4;s:6:\"0.2000\";}', 'a:2:{i:1;s:1:\"1\";i:5;s:1:\"1\";}', 1, '0.7600'),
(141, '2019-11-11 00:33:38', 'a:2:{i:1;s:6:\"0.7920\";i:4;s:6:\"0.2000\";}', 'a:2:{i:1;s:1:\"1\";i:6;s:1:\"2\";}', 1, '0.7920'),
(142, '2019-11-11 00:38:11', 'a:2:{i:1;s:6:\"0.6960\";i:4;s:6:\"0.2000\";}', 'a:2:{i:1;s:1:\"1\";i:6;s:1:\"4\";}', 1, '0.6960'),
(143, '2019-11-11 00:39:23', 'a:2:{i:1;s:6:\"0.4624\";i:4;s:6:\"0.1904\";}', 'a:2:{i:1;s:1:\"3\";i:3;s:1:\"4\";}', 1, '0.4624'),
(144, '2019-11-11 00:40:37', 'a:2:{i:1;s:6:\"0.8784\";i:4;s:6:\"0.2960\";}', 'a:3:{i:1;s:1:\"1\";i:2;s:1:\"1\";i:3;s:1:\"3\";}', 1, '0.8784'),
(145, '2019-11-11 00:41:22', 'a:2:{i:1;s:6:\"0.8912\";i:4;s:6:\"0.3280\";}', 'a:3:{i:1;s:1:\"1\";i:2;s:1:\"1\";i:3;s:1:\"2\";}', 1, '0.8912'),
(146, '2019-11-11 00:42:11', 'a:2:{i:1;s:6:\"0.8253\";i:4;s:6:\"0.2640\";}', 'a:3:{i:1;s:1:\"1\";i:2;s:1:\"2\";i:3;s:1:\"4\";}', 1, '0.8253'),
(147, '2019-11-11 03:28:20', 'a:2:{i:1;s:6:\"0.3008\";i:4;s:6:\"0.2272\";}', 'a:2:{i:1;s:1:\"4\";i:7;s:1:\"4\";}', 1, '0.3008'),
(148, '2019-11-11 03:40:32', 'a:2:{i:1;s:6:\"0.3008\";i:4;s:6:\"0.4597\";}', 'a:4:{i:1;s:1:\"4\";i:7;s:1:\"4\";i:9;s:1:\"4\";i:16;s:1:\"4\";}', 1, '0.3008'),
(149, '2019-11-11 03:42:39', 'a:2:{i:1;s:6:\"0.4127\";i:4;s:6:\"0.5029\";}', 'a:5:{i:1;s:1:\"4\";i:3;s:1:\"4\";i:7;s:1:\"4\";i:9;s:1:\"4\";i:16;s:1:\"4\";}', 1, '0.4127'),
(150, '2019-11-11 03:43:26', 'a:2:{i:1;s:6:\"0.4382\";i:4;s:6:\"0.7736\";}', 'a:5:{i:1;s:1:\"4\";i:3;s:1:\"4\";i:7;s:1:\"3\";i:9;s:1:\"1\";i:16;s:1:\"3\";}', 1, '0.4382'),
(151, '2019-11-11 04:05:10', 'a:2:{i:4;s:6:\"0.4597\";i:1;s:6:\"0.3008\";}', 'a:4:{i:1;s:1:\"4\";i:7;s:1:\"4\";i:9;s:1:\"4\";i:16;s:1:\"4\";}', 4, '0.4597'),
(152, '2019-11-11 04:12:23', 'a:2:{i:1;s:6:\"0.5229\";i:4;s:6:\"0.1950\";}', 'a:6:{i:1;s:1:\"4\";i:2;s:1:\"4\";i:3;s:1:\"6\";i:5;s:1:\"6\";i:6;s:1:\"4\";i:7;s:1:\"4\";}', 1, '0.5229'),
(153, '2019-11-11 04:17:06', 'a:2:{i:1;s:6:\"0.5229\";i:4;s:6:\"0.1950\";}', 'a:6:{i:1;s:1:\"4\";i:2;s:1:\"4\";i:3;s:1:\"6\";i:5;s:1:\"6\";i:6;s:1:\"4\";i:7;s:1:\"4\";}', 1, '0.5229'),
(154, '2019-11-11 04:34:45', 'a:2:{i:1;s:6:\"0.8261\";i:4;s:6:\"0.1667\";}', 'a:3:{i:1;s:1:\"1\";i:2;s:1:\"1\";i:3;s:1:\"6\";}', 1, '0.8261'),
(155, '2019-11-11 04:35:51', 'a:2:{i:1;s:6:\"0.8261\";i:4;s:6:\"0.1667\";}', 'a:3:{i:1;s:1:\"1\";i:2;s:1:\"1\";i:3;s:1:\"6\";}', 1, '0.8261'),
(156, '2019-11-11 04:36:44', 'a:6:{i:1;s:6:\"0.8261\";i:4;s:6:\"0.1667\";i:5;s:6:\"0.0000\";i:7;s:6:\"0.0000\";i:8;s:6:\"0.0000\";i:9;s:6:\"0', 'a:3:{i:1;s:1:\"1\";i:2;s:1:\"1\";i:3;s:1:\"6\";}', 1, '0.8261'),
(157, '2019-11-11 04:37:19', 'a:2:{i:1;s:6:\"0.8261\";i:4;s:6:\"0.1667\";}', 'a:3:{i:1;s:1:\"1\";i:2;s:1:\"1\";i:3;s:1:\"6\";}', 1, '0.8261'),
(158, '2019-11-11 04:42:11', 'a:2:{i:1;s:6:\"0.5229\";i:4;s:6:\"0.1950\";}', 'a:6:{i:1;s:1:\"4\";i:2;s:1:\"4\";i:3;s:1:\"6\";i:5;s:1:\"6\";i:6;s:1:\"4\";i:7;s:1:\"4\";}', 1, '0.5229'),
(159, '2019-11-11 04:43:14', 'a:2:{i:1;s:6:\"0.5229\";i:4;s:6:\"0.1950\";}', 'a:6:{i:1;s:1:\"4\";i:2;s:1:\"4\";i:3;s:1:\"6\";i:5;s:1:\"6\";i:6;s:1:\"4\";i:7;s:1:\"4\";}', 1, '0.5229'),
(160, '2019-11-11 04:48:23', 'a:2:{i:1;s:6:\"0.5229\";i:4;s:6:\"0.1950\";}', 'a:6:{i:1;s:1:\"4\";i:2;s:1:\"4\";i:3;s:1:\"6\";i:5;s:1:\"6\";i:6;s:1:\"4\";i:7;s:1:\"4\";}', 1, '0.5229'),
(161, '2019-11-11 04:49:43', 'a:2:{i:1;s:6:\"0.5229\";i:4;s:6:\"0.1950\";}', 'a:6:{i:1;s:1:\"4\";i:2;s:1:\"4\";i:3;s:1:\"6\";i:5;s:1:\"6\";i:6;s:1:\"4\";i:7;s:1:\"4\";}', 1, '0.5229'),
(162, '2019-11-11 04:53:00', 'a:2:{i:1;s:6:\"0.5229\";i:4;s:6:\"0.1950\";}', 'a:6:{i:1;s:1:\"4\";i:2;s:1:\"4\";i:3;s:1:\"6\";i:5;s:1:\"6\";i:6;s:1:\"4\";i:7;s:1:\"4\";}', 1, '0.5229'),
(163, '2019-11-11 05:01:17', 'a:2:{i:1;s:6:\"0.5229\";i:4;s:6:\"0.1950\";}', 'a:6:{i:1;s:1:\"4\";i:2;s:1:\"4\";i:3;s:1:\"6\";i:5;s:1:\"6\";i:6;s:1:\"4\";i:7;s:1:\"4\";}', 1, '0.5229'),
(164, '2019-11-11 05:02:00', 'a:2:{i:1;s:6:\"0.5229\";i:4;s:6:\"0.1950\";}', 'a:6:{i:1;s:1:\"4\";i:2;s:1:\"4\";i:3;s:1:\"6\";i:5;s:1:\"6\";i:6;s:1:\"4\";i:7;s:1:\"4\";}', 1, '0.5229'),
(165, '2019-11-11 05:02:52', 'a:6:{i:1;s:6:\"0.5229\";i:4;s:6:\"0.1950\";i:5;s:6:\"0.0000\";i:7;s:6:\"0.0000\";i:8;s:6:\"0.0000\";i:9;s:6:\"0', 'a:6:{i:1;s:1:\"4\";i:2;s:1:\"4\";i:3;s:1:\"6\";i:5;s:1:\"6\";i:6;s:1:\"4\";i:7;s:1:\"4\";}', 1, '0.5229'),
(166, '2019-11-11 05:04:11', 'a:2:{i:1;s:6:\"0.3722\";i:4;s:6:\"0.0417\";}', 'a:3:{i:1;s:1:\"4\";i:2;s:1:\"4\";i:3;s:1:\"6\";}', 1, '0.3722'),
(167, '2019-11-11 05:06:33', 'a:2:{i:1;s:6:\"0.3722\";i:4;s:6:\"0.0417\";}', 'a:3:{i:1;s:1:\"4\";i:2;s:1:\"4\";i:3;s:1:\"6\";}', 1, '0.3722'),
(168, '2019-11-11 05:11:17', 'a:1:{i:1;s:6:\"0.1739\";}', 'a:2:{i:2;s:1:\"4\";i:5;s:1:\"6\";}', 1, '0.1739'),
(169, '2019-11-11 05:17:55', 'a:2:{i:1;s:6:\"0.5455\";i:4;s:6:\"0.2000\";}', 'a:2:{i:1;s:1:\"1\";i:2;s:1:\"6\";}', 1, '0.5455'),
(170, '2019-11-11 05:20:59', 'a:6:{i:1;s:6:\"0.5455\";i:4;s:6:\"0.2000\";i:5;s:6:\"0.0000\";i:7;s:6:\"0.0000\";i:8;s:6:\"0.0000\";i:9;s:6:\"0', 'a:2:{i:1;s:1:\"1\";i:2;s:1:\"6\";}', 1, '0.5455'),
(171, '2019-11-11 05:21:45', 'a:6:{i:1;s:6:\"0.5455\";i:4;s:6:\"0.2000\";i:5;s:6:\"0.0000\";i:7;s:6:\"0.0000\";i:8;s:6:\"0.0000\";i:9;s:6:\"0', 'a:2:{i:1;s:1:\"1\";i:2;s:1:\"6\";}', 1, '0.5455'),
(172, '2019-11-11 05:22:28', 'a:6:{i:1;s:6:\"0.5652\";i:4;s:6:\"0.0000\";i:5;s:6:\"0.0000\";i:7;s:6:\"0.0000\";i:8;s:6:\"0.0000\";i:9;s:6:\"0', 'a:2:{i:2;s:1:\"1\";i:5;s:1:\"6\";}', 1, '0.5652'),
(173, '2019-11-11 05:23:40', 'a:6:{i:1;s:6:\"0.5833\";i:4;s:6:\"0.0000\";i:5;s:6:\"0.0000\";i:7;s:6:\"0.0000\";i:8;s:6:\"0.0000\";i:9;s:6:\"0', 'a:2:{i:2;s:1:\"1\";i:5;s:1:\"6\";}', 1, '0.5833'),
(174, '2019-11-11 05:25:58', 'a:6:{i:1;s:6:\"0.5652\";i:4;s:6:\"0.2000\";i:5;s:6:\"0.0000\";i:7;s:6:\"0.0000\";i:8;s:6:\"0.0000\";i:9;s:6:\"0', 'a:2:{i:1;s:1:\"1\";i:5;s:1:\"6\";}', 1, '0.5652'),
(175, '2019-11-11 05:26:30', 'a:6:{i:1;s:6:\"0.5238\";i:4;s:6:\"0.2000\";i:5;s:6:\"0.0000\";i:7;s:6:\"0.0000\";i:8;s:6:\"0.0000\";i:9;s:6:\"0', 'a:2:{i:1;s:1:\"1\";i:5;s:1:\"6\";}', 1, '0.5238'),
(176, '2019-11-11 05:26:49', 'a:6:{i:1;s:6:\"0.4737\";i:4;s:6:\"0.2000\";i:5;s:6:\"0.0000\";i:7;s:6:\"0.0000\";i:8;s:6:\"0.0000\";i:9;s:6:\"0', 'a:2:{i:1;s:1:\"1\";i:2;s:1:\"6\";}', 1, '0.4737'),
(177, '2019-11-11 05:27:25', 'a:2:{i:1;s:6:\"0.4737\";i:4;s:6:\"0.2000\";}', 'a:2:{i:1;s:1:\"1\";i:2;s:1:\"6\";}', 1, '0.4737'),
(178, '2019-11-11 05:33:15', 'a:1:{i:1;s:6:\"0.3124\";}', 'a:3:{i:1;s:1:\"4\";i:2;s:1:\"4\";i:3;s:1:\"6\";}', 1, '0.3124'),
(179, '2019-11-18 07:49:41', 'a:2:{i:1;s:6:\"0.5148\";i:4;s:6:\"0.0800\";}', 'a:4:{i:1;s:1:\"4\";i:2;s:1:\"4\";i:4;s:1:\"4\";i:5;s:1:\"4\";}', 1, '0.5148'),
(180, '2019-11-18 07:51:49', 'a:2:{i:1;s:6:\"0.7366\";i:4;s:6:\"0.1904\";}', 'a:4:{i:1;s:1:\"4\";i:2;s:1:\"4\";i:3;s:1:\"3\";i:5;s:1:\"1\";}', 1, '0.7366'),
(181, '2019-11-18 08:06:09', 'a:2:{i:1;s:6:\"0.6381\";i:4;s:6:\"0.1304\";}', 'a:3:{i:1;s:1:\"1\";i:2;s:1:\"4\";i:3;s:1:\"6\";}', 1, '0.6381'),
(182, '2019-11-18 08:25:55', 'a:2:{i:1;s:6:\"0.7366\";i:4;s:6:\"0.1904\";}', 'a:4:{i:1;s:1:\"4\";i:2;s:1:\"4\";i:3;s:1:\"3\";i:5;s:1:\"1\";}', 1, '0.7366'),
(183, '2019-11-18 08:26:41', 'a:2:{i:1;s:6:\"0.5360\";i:4;s:6:\"0.1200\";}', 'a:3:{i:1;s:1:\"1\";i:2;s:1:\"4\";i:3;s:1:\"6\";}', 1, '0.5360'),
(184, '2019-11-18 11:37:19', 'a:2:{i:1;s:6:\"0.8429\";i:4;s:6:\"0.2272\";}', 'a:4:{i:1;s:1:\"4\";i:2;s:1:\"1\";i:3;s:1:\"2\";i:5;s:1:\"3\";}', 1, '0.8429'),
(185, '2019-11-18 11:37:57', 'a:2:{i:1;s:6:\"0.5456\";i:4;s:6:\"0.2640\";}', 'a:4:{i:1;s:1:\"1\";i:2;s:1:\"1\";i:3;s:1:\"4\";i:5;s:1:\"8\";}', 1, '0.5456'),
(186, '2019-11-18 11:38:20', 'a:0:{}', 'a:0:{}', 0, ''),
(187, '2019-11-18 11:38:52', 'a:1:{i:4;s:6:\"0.1200\";}', 'a:2:{i:15;s:1:\"2\";i:16;s:1:\"9\";}', 4, '0.1200'),
(188, '2019-11-18 11:39:15', 'a:0:{}', 'a:1:{i:17;s:1:\"1\";}', 0, ''),
(189, '2019-11-18 11:39:32', 'a:0:{}', 'a:1:{i:13;s:1:\"1\";}', 0, ''),
(190, '2019-11-18 11:39:44', 'a:2:{i:1;s:6:\"0.6000\";i:4;s:6:\"0.2000\";}', 'a:2:{i:1;s:1:\"1\";i:13;s:1:\"1\";}', 1, '0.6000'),
(191, '2019-11-18 11:41:01', 'a:1:{i:1;s:6:\"0.6000\";}', 'a:3:{i:6;s:1:\"1\";i:11;s:1:\"1\";i:12;s:1:\"3\";}', 1, '0.6000'),
(192, '2019-11-24 21:28:11', 'a:2:{i:1;s:6:\"0.7366\";i:4;s:6:\"0.1904\";}', 'a:4:{i:1;s:1:\"4\";i:2;s:1:\"4\";i:3;s:1:\"3\";i:5;s:1:\"1\";}', 1, '0.7366'),
(193, '2019-11-24 21:29:47', 'a:2:{i:1;s:6:\"0.6381\";i:4;s:6:\"0.1304\";}', 'a:3:{i:1;s:1:\"1\";i:2;s:1:\"4\";i:3;s:1:\"6\";}', 1, '0.6381'),
(194, '2019-11-30 18:27:31', 'a:2:{i:7;s:6:\"0.1600\";i:8;s:6:\"0.3200\";}', 'a:1:{i:12;s:1:\"4\";}', 7, '0.1600'),
(195, '2019-11-30 18:36:13', 'a:2:{i:7;s:6:\"0.1200\";i:9;s:6:\"0.2400\";}', 'a:1:{i:11;s:1:\"3\";}', 7, '0.1200'),
(196, '2019-11-30 18:37:13', 'a:2:{i:7;s:6:\"0.2000\";i:9;s:6:\"0.4000\";}', 'a:1:{i:11;s:1:\"1\";}', 7, '0.2000'),
(197, '2019-11-30 18:38:48', 'a:2:{i:7;s:6:\"0.2000\";i:9;s:6:\"0.4000\";}', 'a:1:{i:11;s:1:\"1\";}', 7, '0.2000'),
(198, '2019-11-30 18:38:57', 'a:2:{i:7;s:6:\"0.2000\";i:9;s:6:\"0.4000\";}', 'a:1:{i:11;s:1:\"1\";}', 7, '0.2000'),
(199, '2019-11-30 18:39:07', 'a:2:{i:7;s:6:\"0.2000\";i:9;s:6:\"0.4000\";}', 'a:1:{i:11;s:1:\"1\";}', 7, '0.2000'),
(200, '2019-11-30 18:40:19', 'a:4:{i:1;s:6:\"0.5148\";i:4;s:6:\"0.1536\";i:5;s:6:\"0.2944\";i:8;s:6:\"0.2272\";}', 'a:3:{i:1;s:1:\"4\";i:2;s:1:\"4\";i:3;s:1:\"4\";}', 1, '0.5148'),
(201, '2019-11-30 18:45:47', 'a:4:{i:1;s:6:\"0.6000\";i:4;s:6:\"0.2000\";i:5;s:6:\"0.4000\";i:8;s:6:\"0.2000\";}', 'a:1:{i:1;s:1:\"1\";}', 1, '0.6000'),
(202, '2019-11-30 18:46:14', 'a:4:{i:1;s:6:\"0.4000\";i:4;s:6:\"0.2000\";i:5;s:6:\"0.4000\";i:8;s:6:\"0.4000\";}', 'a:1:{i:3;s:1:\"1\";}', 1, '0.4000'),
(203, '2019-11-30 18:46:37', 'a:2:{i:5;s:6:\"0.4000\";i:8;s:6:\"0.4000\";}', 'a:1:{i:4;s:1:\"1\";}', 5, '0.4000'),
(204, '2019-11-30 18:46:50', 'a:2:{i:1;s:6:\"0.2000\";i:4;s:6:\"0.4000\";}', 'a:1:{i:7;s:1:\"1\";}', 1, '0.2000'),
(205, '2019-11-30 18:55:55', 'a:2:{i:1;s:6:\"0.2000\";i:4;s:6:\"0.4000\";}', 'a:1:{i:7;s:1:\"1\";}', 1, '0.2000'),
(206, '2019-11-30 18:56:37', 'a:2:{i:1;s:6:\"0.2000\";i:4;s:6:\"0.4000\";}', 'a:1:{i:7;s:1:\"1\";}', 1, '0.2000'),
(207, '2019-11-30 18:57:28', 'a:2:{i:1;s:6:\"0.2000\";i:4;s:6:\"0.4000\";}', 'a:1:{i:7;s:1:\"1\";}', 1, '0.2000'),
(208, '2019-11-30 18:59:24', 'a:2:{i:1;s:6:\"0.2000\";i:4;s:6:\"0.4000\";}', 'a:1:{i:7;s:1:\"1\";}', 1, '0.2000'),
(209, '2019-11-30 19:03:27', 'a:2:{i:4;s:6:\"0.4000\";i:1;s:6:\"0.2000\";}', 'a:1:{i:7;s:1:\"1\";}', 4, '0.4000'),
(210, '2019-11-30 19:04:21', 'a:2:{i:8;s:6:\"0.8000\";i:7;s:6:\"0.4000\";}', 'a:1:{i:12;s:1:\"1\";}', 8, '0.8000'),
(211, '2019-12-02 04:57:07', 'a:5:{i:8;s:6:\"0.7506\";i:1;s:6:\"0.4210\";i:7;s:6:\"0.4000\";i:5;s:6:\"0.0952\";i:4;s:6:\"0.0435\";}', 'a:4:{i:1;s:1:\"3\";i:2;s:1:\"4\";i:3;s:1:\"6\";i:12;s:1:\"1\";}', 8, '0.7506'),
(212, '2019-12-02 05:14:40', 'a:5:{i:8;s:6:\"0.7506\";i:7;s:6:\"0.4000\";i:1;s:6:\"0.2381\";i:5;s:6:\"0.0952\";i:4;s:6:\"0.0435\";}', 'a:3:{i:1;s:1:\"3\";i:3;s:1:\"6\";i:12;s:1:\"1\";}', 8, '0.7506'),
(213, '2019-12-02 05:17:36', 'a:2:{i:4;s:6:\"0.2762\";i:7;s:6:\"0.1600\";}', 'a:3:{i:9;s:1:\"4\";i:15;s:1:\"6\";i:16;s:1:\"1\";}', 4, '0.2762'),
(214, '2019-12-02 05:25:16', 'a:3:{i:1;s:6:\"0.2381\";i:5;s:6:\"0.0952\";i:4;s:6:\"0.0435\";}', 'a:2:{i:1;s:1:\"3\";i:3;s:1:\"6\";}', 1, '0.2381'),
(215, '2019-12-02 05:27:03', 'a:5:{i:8;s:6:\"0.7506\";i:7;s:6:\"0.4000\";i:1;s:6:\"0.2381\";i:5;s:6:\"0.0952\";i:4;s:6:\"0.0435\";}', 'a:3:{i:1;s:1:\"3\";i:3;s:1:\"6\";i:12;s:1:\"1\";}', 8, '0.7506'),
(216, '2019-12-02 05:46:25', 'a:2:{i:8;s:6:\"0.7619\";i:7;s:6:\"0.4000\";}', 'a:2:{i:3;s:1:\"6\";i:12;s:1:\"1\";}', 8, '0.7619'),
(217, '2019-12-02 05:56:09', 'a:4:{i:8;s:6:\"0.8348\";i:7;s:6:\"0.4000\";i:5;s:6:\"0.0952\";i:4;s:6:\"0.0435\";}', 'a:3:{i:1;s:1:\"6\";i:3;s:1:\"3\";i:12;s:1:\"1\";}', 8, '0.8348'),
(218, '2019-12-02 06:00:44', 'a:5:{i:8;s:6:\"0.8348\";i:7;s:6:\"0.4000\";i:1;s:6:\"0.3600\";i:5;s:6:\"0.0952\";i:4;s:6:\"0.0435\";}', 'a:4:{i:1;s:1:\"6\";i:2;s:1:\"3\";i:3;s:1:\"3\";i:12;s:1:\"1\";}', 8, '0.8348'),
(219, '2019-12-02 06:01:36', 'a:5:{i:8;s:6:\"0.8348\";i:7;s:6:\"0.4000\";i:1;s:6:\"0.3600\";i:5;s:6:\"0.0952\";i:4;s:6:\"0.0435\";}', 'a:4:{i:1;s:1:\"6\";i:2;s:1:\"3\";i:3;s:1:\"3\";i:12;s:1:\"1\";}', 8, '0.8348'),
(220, '2019-12-08 13:21:44', 'a:5:{i:1;s:6:\"0.7643\";i:4;s:6:\"0.6909\";i:5;s:6:\"0.5202\";i:8;s:6:\"0.4745\";i:7;s:6:\"0.4000\";}', 'a:6:{i:1;s:1:\"4\";i:2;s:1:\"4\";i:3;s:1:\"2\";i:4;s:1:\"4\";i:5;s:1:\"1\";i:9;s:1:\"1\";}', 1, '0.7643'),
(221, '2019-12-13 15:26:46', 'a:4:{i:1;s:6:\"0.4000\";i:5;s:6:\"0.4000\";i:8;s:6:\"0.4000\";i:4;s:6:\"0.2000\";}', 'a:1:{i:3;s:1:\"1\";}', 1, '0.4000'),
(222, '2019-12-13 16:17:24', 'a:4:{i:1;s:6:\"0.6000\";i:5;s:6:\"0.4000\";i:4;s:6:\"0.2000\";i:8;s:6:\"0.2000\";}', 'a:1:{i:1;s:1:\"1\";}', 1, '0.6000'),
(223, '2020-01-03 15:53:34', 'a:4:{i:1;s:6:\"0.5924\";i:5;s:6:\"0.2944\";i:8;s:6:\"0.2272\";i:4;s:6:\"0.1536\";}', 'a:4:{i:1;s:1:\"4\";i:3;s:1:\"4\";i:5;s:1:\"4\";i:6;s:1:\"4\";}', 1, '0.5924'),
(224, '2020-01-03 15:56:23', 'a:5:{i:4;s:6:\"0.4597\";i:1;s:6:\"0.3008\";i:5;s:6:\"0.1600\";i:7;s:6:\"0.1600\";i:8;s:6:\"0.0800\";}', 'a:4:{i:1;s:1:\"4\";i:7;s:1:\"4\";i:9;s:1:\"4\";i:16;s:1:\"4\";}', 4, '0.4597'),
(225, '2020-01-03 16:25:48', 'a:5:{i:4;s:6:\"0.4597\";i:1;s:6:\"0.3008\";i:5;s:6:\"0.1600\";i:7;s:6:\"0.1600\";i:8;s:6:\"0.0800\";}', 'a:4:{i:1;s:1:\"4\";i:7;s:1:\"4\";i:9;s:1:\"4\";i:16;s:1:\"4\";}', 4, '0.4597'),
(226, '2020-01-03 16:40:54', 'a:5:{i:8;s:6:\"0.8348\";i:7;s:6:\"0.4000\";i:1;s:6:\"0.3600\";i:5;s:6:\"0.0952\";i:4;s:6:\"0.0435\";}', 'a:4:{i:1;s:1:\"6\";i:2;s:1:\"3\";i:3;s:1:\"3\";i:12;s:1:\"1\";}', 8, '0.8348'),
(227, '2020-01-03 16:42:59', 'a:4:{i:1;s:6:\"0.7782\";i:5;s:6:\"0.4960\";i:8;s:6:\"0.4480\";i:4;s:6:\"0.2640\";}', 'a:4:{i:1;s:1:\"4\";i:2;s:1:\"3\";i:3;s:1:\"1\";i:6;s:1:\"4\";}', 1, '0.7782'),
(229, '2020-01-03 16:47:48', 'a:3:{i:4;s:6:\"0.5525\";i:7;s:6:\"0.2400\";i:1;s:6:\"0.1200\";}', 'a:3:{i:7;s:1:\"3\";i:9;s:1:\"3\";i:16;s:1:\"4\";}', 4, '0.5525'),
(230, '2020-01-03 16:50:22', 'a:5:{i:5;s:6:\"0.7944\";i:1;s:6:\"0.5632\";i:8;s:6:\"0.2944\";i:7;s:6:\"0.2400\";i:4;s:6:\"0.2272\";}', 'a:4:{i:1;s:1:\"2\";i:3;s:1:\"4\";i:8;s:1:\"2\";i:17;s:1:\"4\";}', 5, '0.7944'),
(231, '2020-01-03 16:51:56', 'a:3:{i:7;s:6:\"0.5269\";i:4;s:6:\"0.2400\";i:9;s:6:\"0.2400\";}', 'a:3:{i:9;s:1:\"4\";i:11;s:1:\"3\";i:17;s:1:\"3\";}', 7, '0.5269'),
(232, '2020-01-03 16:53:11', 'a:5:{i:8;s:6:\"0.5452\";i:5;s:6:\"0.4224\";i:1;s:6:\"0.3600\";i:7;s:6:\"0.1600\";i:4;s:6:\"0.1200\";}', 'a:3:{i:1;s:1:\"3\";i:4;s:1:\"3\";i:12;s:1:\"4\";}', 8, '0.5452'),
(233, '2020-01-03 16:54:34', 'a:6:{i:9;s:6:\"0.6960\";i:1;s:6:\"0.6000\";i:5;s:6:\"0.4000\";i:4;s:6:\"0.2000\";i:8;s:6:\"0.2000\";i:7;s:6:\"0', 'a:3:{i:1;s:1:\"1\";i:11;s:1:\"3\";i:14;s:1:\"1\";}', 9, '0.6960'),
(234, '2020-01-03 17:10:46', 'a:5:{i:4;s:6:\"0.4597\";i:1;s:6:\"0.3008\";i:5;s:6:\"0.1600\";i:7;s:6:\"0.1600\";i:8;s:6:\"0.0800\";}', 'a:4:{i:1;s:1:\"4\";i:7;s:1:\"4\";i:9;s:1:\"4\";i:16;s:1:\"4\";}', 4, '0.4597'),
(235, '2020-01-03 17:12:41', 'a:3:{i:5;s:6:\"0.4832\";i:1;s:6:\"0.3043\";i:8;s:6:\"0.1200\";}', 'a:3:{i:1;s:1:\"3\";i:7;s:1:\"6\";i:8;s:1:\"4\";}', 5, '0.4832'),
(236, '2020-01-03 17:25:11', 'a:3:{i:1;s:6:\"0.8003\";i:5;s:6:\"0.2400\";i:4;s:6:\"0.1200\";}', 'a:4:{i:1;s:1:\"3\";i:2;s:1:\"2\";i:5;s:1:\"1\";i:12;s:1:\"6\";}', 1, '0.8003'),
(237, '2020-01-03 17:28:31', 'a:5:{i:1;s:6:\"0.8003\";i:8;s:6:\"0.4016\";i:5;s:6:\"0.2400\";i:7;s:6:\"0.1600\";i:4;s:6:\"0.1200\";}', 'a:4:{i:1;s:1:\"3\";i:2;s:1:\"2\";i:5;s:1:\"1\";i:12;s:1:\"4\";}', 1, '0.8003'),
(238, '2020-01-03 17:35:26', 'a:5:{i:8;s:6:\"0.8140\";i:5;s:6:\"0.4832\";i:1;s:6:\"0.3616\";i:7;s:6:\"0.3200\";i:4;s:6:\"0.1200\";}', 'a:4:{i:3;s:1:\"3\";i:4;s:1:\"2\";i:5;s:1:\"4\";i:12;s:1:\"2\";}', 8, '0.8140'),
(239, '2020-01-03 17:37:10', 'a:2:{i:1;s:6:\"0.6109\";i:4;s:6:\"0.4000\";}', 'a:3:{i:2;s:1:\"4\";i:6;s:1:\"3\";i:7;s:1:\"1\";}', 1, '0.6109'),
(240, '2020-01-03 17:38:33', 'a:3:{i:4;s:6:\"0.5525\";i:7;s:6:\"0.2400\";i:1;s:6:\"0.1200\";}', 'a:3:{i:7;s:1:\"3\";i:9;s:1:\"3\";i:16;s:1:\"4\";}', 4, '0.5525'),
(242, '2020-01-03 17:42:40', 'a:4:{i:5;s:6:\"0.7030\";i:1;s:6:\"0.4224\";i:8;s:6:\"0.3744\";i:4;s:6:\"0.0800\";}', 'a:4:{i:1;s:1:\"4\";i:2;s:1:\"4\";i:4;s:1:\"2\";i:8;s:1:\"3\";}', 5, '0.7030'),
(243, '2020-01-03 17:49:30', 'a:3:{i:7;s:6:\"0.5699\";i:9;s:6:\"0.4000\";i:8;s:6:\"0.3200\";}', 'a:3:{i:11;s:1:\"1\";i:12;s:1:\"4\";i:17;s:1:\"3\";}', 7, '0.5699'),
(244, '2020-01-03 20:16:59', 'a:5:{i:9;s:6:\"0.3600\";i:4;s:6:\"0.2272\";i:1;s:6:\"0.1600\";i:5;s:6:\"0.1600\";i:8;s:6:\"0.1600\";}', 'a:3:{i:3;s:1:\"4\";i:14;s:1:\"3\";i:15;s:1:\"4\";}', 9, '0.3600'),
(245, '2020-01-03 20:29:44', 'a:4:{i:5;s:6:\"0.8858\";i:1;s:6:\"0.5632\";i:8;s:6:\"0.2944\";i:4;s:6:\"0.2272\";}', 'a:3:{i:1;s:1:\"2\";i:3;s:1:\"4\";i:8;s:1:\"1\";}', 5, '0.8858'),
(246, '2020-01-03 20:36:45', 'a:4:{i:4;s:6:\"0.4000\";i:1;s:6:\"0.3920\";i:9;s:6:\"0.3616\";i:7;s:6:\"0.1200\";}', 'a:4:{i:2;s:1:\"4\";i:7;s:1:\"1\";i:10;s:1:\"4\";i:11;s:1:\"3\";}', 4, '0.4000'),
(247, '2020-01-03 20:39:47', 'a:5:{i:9;s:6:\"0.6464\";i:1;s:6:\"0.4880\";i:4;s:6:\"0.4720\";i:5;s:6:\"0.2400\";i:8;s:6:\"0.1200\";}', 'a:4:{i:1;s:1:\"3\";i:7;s:1:\"1\";i:10;s:1:\"2\";i:14;s:1:\"2\";}', 9, '0.6464'),
(248, '2020-01-03 20:46:16', 'a:3:{i:1;s:6:\"0.6303\";i:4;s:6:\"0.0800\";i:8;s:6:\"0.0800\";}', 'a:4:{i:1;s:1:\"4\";i:2;s:1:\"4\";i:6;s:1:\"3\";i:8;s:1:\"6\";}', 1, '0.6303'),
(249, '2020-01-04 10:44:48', 'a:5:{i:8;s:6:\"0.5632\";i:1;s:6:\"0.4800\";i:7;s:6:\"0.4686\";i:5;s:6:\"0.3200\";i:4;s:6:\"0.1600\";}', 'a:4:{i:1;s:1:\"2\";i:12;s:1:\"3\";i:13;s:1:\"4\";i:17;s:1:\"4\";}', 8, '0.5632'),
(250, '2020-01-04 10:47:32', 'a:5:{i:7;s:6:\"0.4112\";i:1;s:6:\"0.3600\";i:5;s:6:\"0.2400\";i:4;s:6:\"0.1200\";i:8;s:6:\"0.1200\";}', 'a:3:{i:1;s:1:\"3\";i:13;s:1:\"4\";i:17;s:1:\"3\";}', 7, '0.4112'),
(251, '2020-01-04 10:54:43', 'a:3:{i:8;s:6:\"0.5295\";i:7;s:6:\"0.2400\";i:5;s:6:\"0.0952\";}', 'a:3:{i:3;s:1:\"6\";i:4;s:1:\"3\";i:12;s:1:\"3\";}', 8, '0.5295'),
(252, '2020-01-04 11:10:58', 'a:4:{i:5;s:6:\"0.8320\";i:1;s:6:\"0.5136\";i:4;s:6:\"0.0800\";i:8;s:6:\"0.0800\";}', 'a:3:{i:1;s:1:\"4\";i:2;s:1:\"3\";i:8;s:1:\"1\";}', 5, '0.8320'),
(253, '2020-01-04 11:13:20', 'a:4:{i:1;s:6:\"0.6048\";i:5;s:6:\"0.6048\";i:8;s:6:\"0.2400\";i:4;s:6:\"0.1200\";}', 'a:3:{i:2;s:1:\"2\";i:3;s:1:\"3\";i:8;s:1:\"3\";}', 1, '0.6048'),
(254, '2020-01-04 11:14:14', 'a:4:{i:5;s:6:\"0.6680\";i:1;s:6:\"0.6048\";i:8;s:6:\"0.3616\";i:4;s:6:\"0.1200\";}', 'a:4:{i:2;s:1:\"2\";i:3;s:1:\"3\";i:4;s:1:\"4\";i:8;s:1:\"3\";}', 5, '0.6680'),
(255, '2020-01-04 11:22:53', 'a:3:{i:7;s:6:\"0.7690\";i:8;s:6:\"0.4800\";i:4;s:6:\"0.3600\";}', 'a:3:{i:9;s:1:\"3\";i:12;s:1:\"3\";i:17;s:1:\"1\";}', 7, '0.7690'),
(256, '2020-01-04 11:24:50', 'a:2:{i:9;s:6:\"0.8150\";i:7;s:6:\"0.1600\";}', 'a:3:{i:10;s:1:\"2\";i:11;s:1:\"2\";i:14;s:1:\"1\";}', 9, '0.8150'),
(257, '2020-01-04 11:26:04', 'a:3:{i:8;s:6:\"0.4800\";i:7;s:6:\"0.4382\";i:9;s:6:\"0.2400\";}', 'a:3:{i:11;s:1:\"3\";i:12;s:1:\"3\";i:13;s:1:\"2\";}', 8, '0.4800'),
(258, '2020-01-04 14:10:26', 'a:5:{i:4;s:6:\"0.5790\";i:1;s:6:\"0.4624\";i:5;s:6:\"0.3616\";i:7;s:6:\"0.3200\";i:8;s:6:\"0.2608\";}', 'a:3:{i:1;s:1:\"3\";i:3;s:1:\"4\";i:9;s:1:\"2\";}', 4, '0.5790'),
(259, '2020-01-06 10:11:16', 'a:0:{}', 'a:0:{}', 0, ''),
(260, '2020-01-06 10:32:45', 'a:4:{i:1;s:6:\"0.2400\";i:5;s:6:\"0.1600\";i:4;s:6:\"0.0800\";i:8;s:6:\"0.0800\";}', 'a:1:{i:1;s:1:\"4\";}', 1, '0.2400'),
(261, '2020-01-06 10:32:55', 'a:0:{}', 'a:1:{i:1;s:1:\"5\";}', 0, ''),
(262, '2020-01-06 10:33:08', 'a:0:{}', 'a:1:{i:1;s:1:\"6\";}', 0, ''),
(263, '2020-01-06 10:33:37', 'a:0:{}', 'a:5:{i:1;s:1:\"5\";i:2;s:1:\"6\";i:4;s:1:\"6\";i:5;s:1:\"7\";i:6;s:1:\"8\";}', 0, ''),
(264, '2020-01-06 10:33:55', 'a:0:{}', 'a:1:{i:1;s:1:\"6\";}', 0, ''),
(270, '2020-01-06 10:45:39', 'a:0:{}', 'a:1:{i:1;s:1:\"5\";}', 0, ''),
(271, '2020-01-06 10:46:00', 'a:0:{}', 'a:1:{i:1;s:1:\"9\";}', 0, ''),
(272, '2020-01-12 12:58:49', 'a:0:{}', 'a:0:{}', 0, ''),
(273, '2020-01-12 13:00:33', 'a:0:{}', 'a:0:{}', 0, ''),
(274, '2020-01-12 13:00:40', 'a:0:{}', 'a:0:{}', 0, ''),
(275, '2020-01-12 13:19:28', 'a:0:{}', 'a:0:{}', 0, ''),
(276, '2020-01-12 19:13:22', 'a:4:{i:1;s:6:\"0.6960\";i:5;s:6:\"0.1600\";i:4;s:6:\"0.0800\";i:8;s:6:\"0.0800\";}', 'a:2:{i:1;s:1:\"4\";i:2;s:1:\"1\";}', 1, '0.6960'),
(277, '2020-01-12 19:18:13', 'a:4:{i:1;s:6:\"0.6960\";i:5;s:6:\"0.1600\";i:4;s:6:\"0.0800\";i:8;s:6:\"0.0800\";}', 'a:1:{i:2;s:1:\"1\";}', 1, '0.6960'),
(278, '2020-01-12 19:19:46', 'a:4:{i:1;s:6:\"0.6960\";i:5;s:6:\"0.1600\";i:4;s:6:\"0.0800\";i:8;s:6:\"0.0800\";}', 'a:2:{i:1;s:1:\"4\";i:2;s:1:\"1\";}', 1, '0.6960'),
(279, '2020-01-12 19:20:14', 'a:4:{i:1;s:6:\"0.6960\";i:5;s:6:\"0.1600\";i:4;s:6:\"0.0800\";i:8;s:6:\"0.0800\";}', 'a:2:{i:1;s:1:\"4\";i:6;s:1:\"1\";}', 1, '0.6960'),
(280, '2020-01-19 12:46:03', 'a:4:{i:1;s:6:\"0.5924\";i:5;s:6:\"0.2944\";i:8;s:6:\"0.2272\";i:4;s:6:\"0.1536\";}', 'a:4:{i:1;s:1:\"4\";i:3;s:1:\"4\";i:5;s:1:\"4\";i:6;s:1:\"4\";}', 1, '0.5924'),
(281, '2020-01-19 12:47:16', 'a:5:{i:4;s:6:\"0.4597\";i:1;s:6:\"0.3008\";i:5;s:6:\"0.1600\";i:7;s:6:\"0.1600\";i:8;s:6:\"0.0800\";}', 'a:4:{i:1;s:1:\"4\";i:7;s:1:\"4\";i:9;s:1:\"4\";i:16;s:1:\"4\";}', 4, '0.4597'),
(282, '2020-01-19 12:50:27', 'a:5:{i:8;s:6:\"0.8348\";i:7;s:6:\"0.4000\";i:1;s:6:\"0.3600\";i:5;s:6:\"0.0952\";i:4;s:6:\"0.0435\";}', 'a:4:{i:1;s:1:\"6\";i:2;s:1:\"3\";i:3;s:1:\"3\";i:12;s:1:\"1\";}', 8, '0.8348'),
(283, '2020-01-20 20:52:36', 'a:4:{i:5;s:6:\"0.7313\";i:1;s:6:\"0.6048\";i:8;s:6:\"0.3616\";i:4;s:6:\"0.2608\";}', 'a:3:{i:1;s:1:\"2\";i:3;s:1:\"3\";i:8;s:1:\"3\";}', 5, '0.7313'),
(284, '2020-01-20 20:53:22', 'a:4:{i:1;s:6:\"0.6048\";i:5;s:6:\"0.6048\";i:8;s:6:\"0.2400\";i:4;s:6:\"0.1200\";}', 'a:3:{i:2;s:1:\"2\";i:3;s:1:\"3\";i:8;s:1:\"3\";}', 1, '0.6048'),
(285, '2020-01-20 20:54:57', 'a:5:{i:8;s:6:\"0.8348\";i:7;s:6:\"0.4000\";i:1;s:6:\"0.3600\";i:5;s:6:\"0.0952\";i:4;s:6:\"0.0435\";}', 'a:4:{i:1;s:1:\"6\";i:2;s:1:\"3\";i:3;s:1:\"3\";i:12;s:1:\"1\";}', 8, '0.8348');

-- --------------------------------------------------------

--
-- Table structure for table `kondisi`
--

CREATE TABLE `kondisi` (
  `id` int(11) NOT NULL,
  `kondisi` varchar(100) NOT NULL,
  `ket` varchar(100) NOT NULL
) ENGINE=InnoDB DEFAULT CHARSET=latin1;

--
-- Dumping data for table `kondisi`
--

INSERT INTO `kondisi` (`id`, `kondisi`, `ket`) VALUES
(1, 'Pasti Ya', ''),
(2, 'Hampir Pasti Ya', ''),
(3, 'Kemungkinan Besar ya', ''),
(4, 'Mungkin Ya', ''),
(5, 'Tidak Tahu', ''),
(6, 'Mungkin Tidak', ''),
(7, 'Kemungkinan Besar Tidak', ''),
(8, 'Hampir Pasti Tidak', ''),
(9, 'Pasti Tidak', '');

-- --------------------------------------------------------

--
-- Table structure for table `penyakit`
--

CREATE TABLE `penyakit` (
  `kode_penyakit` int(100) NOT NULL,
  `nama_penyakit` varchar(100) NOT NULL,
  `det_penyakit` varchar(200) NOT NULL,
  `srn_penyakit` varchar(200) NOT NULL,
  `gambar` varchar(200) NOT NULL
) ENGINE=InnoDB DEFAULT CHARSET=latin1;

--
-- Dumping data for table `penyakit`
--

INSERT INTO `penyakit` (`kode_penyakit`, `nama_penyakit`, `det_penyakit`, `srn_penyakit`, `gambar`) VALUES
(1, 'Layu Bakteri', 'Ralstonia Solanacearum atau yang sering disebut penyakit layu bakteri merupakan penyakit yang sering menyerang tanaman jahe di daerah tropis dan subtropis. Tanaman jahe yang terserang layu bakteri dis', '1. Jaminan kesehatan bibit jahe\r\n2. Karantina tanaman yang terinfeksi\r\n3. Jangan menanam bibit di lokasi yang terinfeksi', 'Layubakteri.jpg'),
(4, 'Rimpang Busuk', 'Rimpang Busuk merupakan penyakit yang menyerang rimpang pada jahe sehingga menyebabkan pembusukan pada rimpang jahe. Penyakit Rimpang Busuk merupakan penyakit yang disebabkan oleh jamur Fusarium oxusp', '1.	Jaminan kesehatan bibit jahe\r\n2.	Karantina tanaman yang terinfeksi\r\n3.	Benih sebelum ditanam perlu direndam dengan fungisida', 'rimpang busuk.jpg'),
(5, 'Bercak Daun', 'Bercak daun merupakan penyakit tanaman jahe yang disebabkan oleh jamur Phyllostica zingiberi.', '1.	Berikan naungan yang cukup pada tanaman\r\n2.	Lakukan pemangkasan daun dan pembersihan gulma lalu dibakar\r\n3.	Pengendalian menggunaka pestisida nabati', 'bercak_daun.jpg'),
(7, 'Buncak Akar', 'Buncak Akar merupakan penyakit tanaman jahe yang disebabkan oleh serangan nematoda buncak akar Meloidogyne spp dan nematoda pelubang akar R. Similis .', '1.	Bibit diambil dari tanaman induk sehat.\r\n2.	Tepung biji mimba (25-50 gram/ tanaman/ 3 bulan)', 'busukrimpang1.jpg'),
(8, 'Lalat Rimpang', 'Lalat Rimpang merupakan penyakit tanaman jahe yang disebabkan oleh serangan Organisme Pengganggu Tanaman (OPT) lalat rimpang M. Coeruleifrons. Lalat ini memiliki bentuk tubuh yang ramping memanjang de', '1.	Beri benih dengan air panas 50℃ selama 10 menit, 40℃ atau degan insektisida botani seperti ekstra mimba 2.5\r\n2.	Penyemprotan dengan diklorfos, interval 3  minggu', 'imgCrop.jpg'),
(9, 'Kutu Perisai', 'Buncak Akar merupakan penyakit tanaman jahe yang disebabkan oleh serangan Organisme Penganggu Tanaman (OPT) Aspidiella Hartii.', '1.	Beri fumigasi benih dengan metal bromide atau alumunium fosfida\r\n2.	Rendam benih dengan air panas 50℃ selama 10 menit, insektisida karbosulfan, dan insektisida botani', 'kutu perisai.jpg');

-- --------------------------------------------------------

--
-- Table structure for table `post`
--

CREATE TABLE `post` (
  `kode_post` int(100) NOT NULL,
  `nama_post` varchar(200) NOT NULL,
  `det_post` varchar(200) NOT NULL,
  `srn_post` varchar(200) NOT NULL,
  `gambar` varchar(200) NOT NULL
) ENGINE=InnoDB DEFAULT CHARSET=latin1;

--
-- Dumping data for table `post`
--

INSERT INTO `post` (`kode_post`, `nama_post`, `det_post`, `srn_post`, `gambar`) VALUES
(1, 'Layu Bakteri', '<p>Penyakit layu bakteri merupakan penyakit dengan gejala yang dapat dilihat secara fisik baik dari bentuk daun, bentuk tunas dan bentuk tanaman.</p>\r\n', '<ol>\r\n	<li>Kesehatan bibit harus terjamin</li>\r\n	<li>Pisahkan tanaman yang terinfeksi penyakit</li>\r\n	<li>Jangan menanam bibit di lokasi yag terinfeksi</li>\r\n</ol>\r\n', 'Layubakteri.jpg'),
(2, 'Rimpang Busuk', '<p>Rimpang busuk merupakan penyakit yang sering menyerang tanaman jahe. Penyakit ini biasanya disebabkan oleh jamur&nbsp;<em>Fusarium Oxusporum</em>. Pada umumnya penyakit ini biasa menyerang bagian r', '<ol>\r\n	<li>Kesehatan bibit harus terjamin</li>\r\n	<li>Pisahkan Tanaman yang terinfeksi penyakit</li>\r\n	<li>Sebelum penanaman, rendam benih terlebih dahulu dengan&nbsp;<em>fungisida</em></li>\r\n</ol>\r\n', 'busul rimpang 3.jpg'),
(3, 'Bercak Daun', '<p>Bercak Daun merupakan penyakit pada tanaman jahe yang disebabkan oleh jamur&nbsp;<em>Phyllostica Zingiberi</em>. Gejala umum yang terlihat pada jahe yang terkena penyakit ini biasanya timbul bercak', '<ol>\r\n	<li>Berikan ruang yang cukup pada tanaman yang terinfeksi.</li>\r\n	<li>Lakukan pemangkasan daun dan pembersihan gulma dengan dibakar.</li>\r\n	<li>Gunakan pestisida nabati untuk pengendalian jamur', 'bercak_daun.jpg'),
(4, 'Buncak Akar', '<p>Buncak akar&nbsp; erupakan penyakit pada tanaman jahe yang disebabkan oleh serangan nematoda <em>Meloidogyne spp</em>&nbsp;dan&nbsp;<em>R. Similis</em>.</p>\r\n', '<ol>\r\n	<li>Selesksi bibit yang sehat untuk penanaman.</li>\r\n	<li>Berikan tepung biji mimba 25-50/ gram per 3 bulan sekali</li>\r\n</ol>\r\n', 'busukrimpang1.jpg'),
(5, 'Lalat Rimpang', '<p>Lalat Rimpang adalah penyakit pada tanaman jahe yang disebabkan oleh Organisme Pengganggu Tanaman (OPT) Lalat Rimpang (<em>M. Coeruleifrons</em>)</p>\r\n', '<ol>\r\n	<li>Rendam bibit menggunakan air panas dengan suhu sebesar 50&ordm;C selama 10 menit atau dengan suhu 40&ordm;C dengan menggunakan insektisida botani seperti ektra mimba 2.5 selama 10 menit.</l', 'imgCrop.jpg'),
(6, 'Kutu Perisai', '<p>Kutu Perisai adalah penyakit pada tanaman jahe yang disebabkan oleh Organisme Pengganggu Tanaman (OPT)&nbsp;<em>Aspidiella Hartii</em>.</p>\r\n', '<ol>\r\n	<li>Beri fumigasi benih dengan metak bromide atau alumunium fosfida.</li>\r\n	<li>Rendam bibit jahe menggunakan air panas dengan suhu sebesar 50&ordm;C selama 10 menit dengan insektisida karboslu', 'edited1.jpg');

--
-- Indexes for dumped tables
--

--
-- Indexes for table `admin`
--
ALTER TABLE `admin`
  ADD PRIMARY KEY (`username`);

--
-- Indexes for table `basis_pengetahuan`
--
ALTER TABLE `basis_pengetahuan`
  ADD PRIMARY KEY (`kode_pengetahuan`);

--
-- Indexes for table `gejala`
--
ALTER TABLE `gejala`
  ADD PRIMARY KEY (`kode_gejala`);

--
-- Indexes for table `hasil`
--
ALTER TABLE `hasil`
  ADD PRIMARY KEY (`id_hasil`);

--
-- Indexes for table `kondisi`
--
ALTER TABLE `kondisi`
  ADD PRIMARY KEY (`id`);

--
-- Indexes for table `penyakit`
--
ALTER TABLE `penyakit`
  ADD PRIMARY KEY (`kode_penyakit`);

--
-- Indexes for table `post`
--
ALTER TABLE `post`
  ADD PRIMARY KEY (`kode_post`);

--
-- AUTO_INCREMENT for dumped tables
--

--
-- AUTO_INCREMENT for table `basis_pengetahuan`
--
ALTER TABLE `basis_pengetahuan`
  MODIFY `kode_pengetahuan` int(100) NOT NULL AUTO_INCREMENT, AUTO_INCREMENT=29;

--
-- AUTO_INCREMENT for table `gejala`
--
ALTER TABLE `gejala`
  MODIFY `kode_gejala` int(100) NOT NULL AUTO_INCREMENT, AUTO_INCREMENT=18;

--
-- AUTO_INCREMENT for table `hasil`
--
ALTER TABLE `hasil`
  MODIFY `id_hasil` int(100) NOT NULL AUTO_INCREMENT, AUTO_INCREMENT=286;

--
-- AUTO_INCREMENT for table `kondisi`
--
ALTER TABLE `kondisi`
  MODIFY `id` int(11) NOT NULL AUTO_INCREMENT, AUTO_INCREMENT=10;

--
-- AUTO_INCREMENT for table `penyakit`
--
ALTER TABLE `penyakit`
  MODIFY `kode_penyakit` int(100) NOT NULL AUTO_INCREMENT, AUTO_INCREMENT=10;

--
-- AUTO_INCREMENT for table `post`
--
ALTER TABLE `post`
  MODIFY `kode_post` int(100) NOT NULL AUTO_INCREMENT, AUTO_INCREMENT=7;
COMMIT;

/*!40101 SET CHARACTER_SET_CLIENT=@OLD_CHARACTER_SET_CLIENT */;
/*!40101 SET CHARACTER_SET_RESULTS=@OLD_CHARACTER_SET_RESULTS */;
/*!40101 SET COLLATION_CONNECTION=@OLD_COLLATION_CONNECTION */;
